name,number
Araldo Grund,13
Drugi Poge,65
Correy Chrispin,31
Guthry Kief,30
Damian Jesty,23
Rafaellle Pering,98
Murry Schofield,2
Tonye Dincey,19
Quillan Fireman,80
Rhonda Server,46
Vanna Philliskirk,79
Devy Jervois,53
Zsa zsa Rowney,72
Gusta Beane,99
Betta Littley,133
Jess Biddwell,42
Mayne Maffezzoli,84
Krissie Manuele,80
Goraud Hartman,87
Pryce Beswick,35
Hakim McOrkil,50
Filippo Antunes,99
Linda Chuney,4
Karrah Beavon,71
Nichole Mingey,6
Nikaniki Overy,84
Barnie Farlamb,5
Woody Rosenberger,8
Mick Parmley,57
Ulick Gosz,69
Whitaker Mallabund,62
Carmela Ferrario,43
Joey Anstice,142
Kale Addington,60
Catlaina Philippart,76
Donni Lawlie,10
Tine Berrow,90
Nobie Yanshin,12
Cornelia Bittlestone,60
Sanderson Bullers,96
Shannen Yeats,82
Rodina Cockett,65
Durand Nizet,116
Farris Norbury,30
Domenico Mertgen,34
Corny Lavrick,20
Tiertza Edney,21
Sula Hartrick,26
Chrysa Stachini,34
Myca Puttan,11
Keelia Fergusson,59
Ariana Ibert,23
Babita Spry,88
Joellen Goodinge,61
Bryce Rowes,66
Ernestine Sawden,41
Ricky Dunnet,26
Jacinthe Braikenridge,58
Arney Nulty,15
Antons Hatherall,59
Bibbie Goodley,5
Lorilee Worster,25
Kameko Whitebread,17
Nowell Skully,53
Claudette Rickman,22
Zacharias Baggalley,20
Bradford Perview,78
Boot McCandless,55
Glynnis Roxbee,11
Uri Pritchett,3
Alexine Burd,3
Petunia McCarney,16
Joeann Legh,2
Wendy Donahue,24
Rene Folder,8
Hube Saggers,44
Ruby Baseke,125
Cordy Perillo,32
Sonja Ferrarello,95
Jilli Moohan,98
Cherly Shock,80
Sean Spofford,12
Josphine Pendergrass,41
Gabriela Kepner,47
Sharyn Westendorf,51
Kiersten Scheffer,34
Katelyn Mccrady,61
Ed Meininger,31
Luella Lamberth,47
Mirella Mell,37
Mackenzie Trail,41
Nina Galle,17
Tommye Edsall,97
Holley Roper,79
Bobbie Haar,56
Luba Cockett,91
Dona Brown,12
Gala Wasielewski,7
Eleni Mccray,74
Maegan Schatz,66
Trey Caples,59
Leonarda Gula,47
Clifford Cano,41
Lashaunda Kornfeld,59
Tamala Masterson,15
Kimberley Paterson,99
Bette Delmont,51
Rosalba Gobeil,72
Warren Terry,85
Eula Callaway,6
Sherice Skeens,37
Lisbeth Stelle,40
Chauncey Bublitz,38
Lanie Woodie,119
Darrell Boughner,12
Hilma Maravilla,9
Una Sepulveda,122
Dollie Freshour,41
Dale Heikkinen,64
Marx Caballero,94
Rex Pierro,96
Maragaret Cazarez,52
Floria Blackburn,17
Cleveland Perkins,133
Tressa Groff,15
Eliseo Dundas,51
Jerrell Antonelli,78
Vincenzo Stites,144
Cherelle Foy,2
Delila Brummer,83
Desmond Hartsell,57
Brinda Mcclaren,65
Clorinda Shield,100
Reta Jock,15
Chrissy Florey,46
Reda Deras,3
Cassi Galley,96
Adelia Deshotel,40
Nicola Houck,16
Elene Nephew,76
Michiko Huckleberry,66
Ladonna Funk,16
Gloria Andrew,44
Anabel Bent,77
Artie Loesch,72
Kourtney Vess,77
Moses Marquart,40
Rufus Curry,44
Toni Gerken,24
Elden Eells,67
Mitsue Evert,110
Denese Thoreson,2
Casey Ying,46
Star Ethier,27
Cathie Duren,9
Ema Gagner,75
Elsa Winland,100
Margeret Toles,97
Porfirio Snider,47
Izetta Morlan,44
Hassie Lorance,86
Madeline Barb,22
Belen Mcneeley,10
Isis Fischer,91
Cary Ries,54
Lucas Remley,41
Beverley Massa,125
Adelle Mcburney,78
Song Buchannon,98
Dominick Tompkins,86
Erlene Preslar,47
Lance Crowson,47
Rory Squier,85
Chau Costanza,24
Jon Buda,145
Lino Younger,86
Alfreda Baldree,43
Velma Rome,60
Johnson Schmidt,10
Jackelyn Mcglown,61
Jake Carbin,44
Lora Norwood,141
Cris Roten,21
Kia Vandenberg,78
Classie Brownlow,48
Mariann Heinemann,100
Kristel Nabors,84
Belinda Rolf,63
Dante Landey,29
Ona Fagin,3
Lavone Cordray,122
Randee Teamer,49
Madie Vanzant,47
Marci Estridge,93
Jazmin Legrande,121
Carletta Loomis,49
Steve Raffield,69
Manda Blandon,95
Dora Liebel,69
Karla Cooney,45
Ellen Stoneham,91
Wen Lazaro,79
Jennell Pogue,42
Assunta Broderson,96
Man Mccracken,69
Talia Avina,78
Krishna Lande,79
Carmelo Vonruden,20
Clarinda Willis,25
Darrin Wilderman,97
Agueda Cogswell,26
Kristle Johanson,132
Alysia Stoller,83
Chantel Majeski,70
Daphine Arnwine,86
Roseanna Feliciano,96
Vivienne Simonsen,27
Elda Stimage,66
Yuette Wengert,123
